"_id","title","derscription","createdAt","updatedAt"
"6031dc16b0977b3e4c118359","my first to do",,"2021-02-21T04:05:42.258Z","2021-02-21T04:05:42.258Z"
"6031dc8864715f3e9b631b51","ojhhkhkjk saw nimmjhjhkjaskj","ok jzkjhksa ajhaksh kjjashkjs jhadkjad,nma,mnuqewbmnbuizasja","2021-02-21T04:07:36.642Z","2021-02-23T02:11:27.787Z"
"6031dd34cd40683f207911dc","my first to do","make things done","2021-02-21T04:10:28.338Z","2021-02-21T04:10:28.338Z"
"6031dd725573cc3f58cde191","my first to do","make things done","2021-02-21T04:11:30.298Z","2021-02-21T04:11:30.298Z"
"6031dd745573cc3f58cde192","my first to do","make things done","2021-02-21T04:11:32.908Z","2021-02-21T04:11:32.908Z"
"6031dde07e0cb23f970d90fa","my first to do","make things done","2021-02-21T04:13:20.607Z","2021-02-21T04:13:20.607Z"
"6031de6a17810e4035d86cdc","my first to do","make things done","2021-02-21T04:15:38.069Z","2021-02-21T04:15:38.069Z"
"6031e017694e4042279f145b","my first to do","make things done","2021-02-21T04:22:47.096Z","2021-02-21T04:22:47.096Z"
"6031e06b862f2a428afc0e59","my first to do","make things done","2021-02-21T04:24:11.896Z","2021-02-21T04:24:11.896Z"
"60323ef016cae12655f91be8",,,"2021-02-21T11:07:28.497Z","2021-02-21T11:07:28.497Z"
"60323f69c1db5f26923461ef",,,"2021-02-21T11:09:29.629Z","2021-02-21T11:09:29.629Z"
"60323fb0d5c8c826d76e1657",,,"2021-02-21T11:10:40.747Z","2021-02-21T11:10:40.747Z"
"60324091b98d0b273652cec9",,,"2021-02-21T11:14:25.587Z","2021-02-21T11:14:25.587Z"
"603240dab968e727744fd0b0",,,"2021-02-21T11:15:38.290Z","2021-02-21T11:15:38.290Z"
"6032423b3eab60289948548d",,,"2021-02-21T11:21:31.030Z","2021-02-21T11:21:31.030Z"
"60324251b7ada728c70d4aa5",,,"2021-02-21T11:21:53.565Z","2021-02-21T11:21:53.565Z"
"603244298595ba2b11d86724",,,"2021-02-21T11:29:45.074Z","2021-02-21T11:29:45.074Z"
"603244d8d88693306f84af57","hello world","its ok to make thing simple","2021-02-21T11:32:40.289Z","2021-02-21T11:32:40.289Z"
"6032452a12c6e630ac37f801","hello world","its ok to make thing simple","2021-02-21T11:34:02.071Z","2021-02-21T11:34:02.071Z"
"60324b327fe3c73497692738","hello world","its ok to make thing simple","2021-02-21T11:59:46.320Z","2021-02-21T11:59:46.320Z"
"60324b68f32b6534bf2d17f8","hello world","its ok to make thing simple","2021-02-21T12:00:40.388Z","2021-02-21T12:00:40.388Z"
"60326b09174ccb3424aeef5c","my first to do","make things done","2021-02-21T14:15:37.700Z","2021-02-21T14:15:37.700Z"
"6033892c7a07297d2f471816","helllo","ahsghsa ashgajs ashasjka","2021-02-22T10:36:28.412Z","2021-02-22T10:36:28.412Z"
"60338a77e47bea7e18dfafcf","helllo","ahsghsa ashgajs ashasjka","2021-02-22T10:41:59.310Z","2021-02-22T10:41:59.310Z"
"60338a78e47bea7e18dfafd0","helllo","ahsghsa ashgajs ashasjka","2021-02-22T10:42:00.686Z","2021-02-22T10:42:00.686Z"
"60338a7ae47bea7e18dfafd1","helllo","ahsghsa ashgajs ashasjka","2021-02-22T10:42:02.002Z","2021-02-22T10:42:02.002Z"
"60338a7be47bea7e18dfafd2","helllo","ahsghsa ashgajs ashasjka","2021-02-22T10:42:03.144Z","2021-02-22T10:42:03.144Z"
"60338a7ce47bea7e18dfafd3","helllo","ahsghsa ashgajs ashasjka","2021-02-22T10:42:04.349Z","2021-02-22T10:42:04.349Z"
"60338a7de47bea7e18dfafd4","helllo","ahsghsa ashgajs ashasjka","2021-02-22T10:42:05.540Z","2021-02-22T10:42:05.540Z"
"6033a0df771f0a237ef00c24","helllo","ahsghsa ashgajs ashasjka","2021-02-22T12:17:35.360Z","2021-02-22T12:17:35.360Z"
"6033e4f686d0072adc880493","hello world","its ok to make thing simple","2021-02-22T17:08:06.505Z","2021-02-22T17:08:06.505Z"
"6033e5b3d5b8e32b56a66a44","hello world","its ok to make thing simple","2021-02-22T17:11:15.376Z","2021-02-22T17:11:15.376Z"
"6033e5fae8b6eb2b9c3a8630","hello world","its ok to make thing simple","2021-02-22T17:12:26.247Z","2021-02-22T17:12:26.247Z"
"6033e69aa63e7a2c26c3b2ca","hello world","its ok to make thing simple","2021-02-22T17:15:07.014Z","2021-02-22T17:15:07.014Z"
"6033e7a90de4112ce5e97541","hello world","its ok to make thing simple","2021-02-22T17:19:37.741Z","2021-02-22T17:19:37.741Z"
"6033e82aa6f63d2d31aac4c5","hello world","its ok to make thing simple","2021-02-22T17:21:46.523Z","2021-02-22T17:21:46.523Z"
"6033efa39c32cc36d2c29a87","hello world","its ok to make thing simple","2021-02-22T17:53:39.982Z","2021-02-22T17:53:39.982Z"
"6033f02389fe8e377709b327","hello world","its ok to make thing simple","2021-02-22T17:55:47.121Z","2021-02-22T17:55:47.121Z"
"6033f05edb8f203d0ce3d2ca","hello world","its ok to make thing simple","2021-02-22T17:56:46.456Z","2021-02-22T17:56:46.456Z"
"6033f09ae63af43d5692549b","hello world","its ok to make thing simple","2021-02-22T17:57:46.795Z","2021-02-22T17:57:46.795Z"
"6033f1b5336c413e0630cb30","hello world","its ok to make thing simple","2021-02-22T18:02:29.827Z","2021-02-22T18:02:29.827Z"
"6033f3d69ab6ac40107e07b8","hello world","its ok to make thing simple","2021-02-22T18:11:34.558Z","2021-02-22T18:11:34.558Z"
"6033f43640174a4059b0f0a7","hello world","its ok to make thing simple","2021-02-22T18:13:10.890Z","2021-02-22T18:13:10.890Z"
"6034000ed869ab46e3126119","hello world","its ok to make thing simple","2021-02-22T19:03:42.063Z","2021-02-22T19:03:42.063Z"
"603444dd5775e1116cc7559d","hello world","its ok to make thing simple","2021-02-22T23:57:17.046Z","2021-02-22T23:57:17.046Z"
"60346931f9e1ec52655a5602","hello world","its ok to make thing simple","2021-02-23T02:32:17.290Z","2021-02-23T02:32:17.290Z"
"603469b02c759553639b5bdb","hello world","its ok to make thing simple","2021-02-23T02:34:24.495Z","2021-02-23T02:34:24.495Z"
"603469db97f98c53aa7157f7","hello world","its ok to make thing simple","2021-02-23T02:35:07.312Z","2021-02-23T02:35:07.312Z"
"60346a3a0d26dd540799f55c","hello world","its ok to make thing simple","2021-02-23T02:36:42.989Z","2021-02-23T02:36:42.989Z"
"60346a6d1a29e2548372a15a","hello world","its ok to make thing simple","2021-02-23T02:37:33.919Z","2021-02-23T02:37:33.919Z"
"60346a8843293f54db617251","hello world","its ok to make thing simple","2021-02-23T02:38:00.497Z","2021-02-23T02:38:00.497Z"
"60346aa6d5e0b155228385b5","hello world","its ok to make thing simple","2021-02-23T02:38:30.121Z","2021-02-23T02:38:30.121Z"
"6034ab76d00fee23597cf62e","hello world","its ok to make thing simple","2021-02-23T07:15:02.860Z","2021-02-23T07:15:02.860Z"
"6034abb8649c4623f1b39a3c","hello world","its ok to make thing simple","2021-02-23T07:16:08.367Z","2021-02-23T07:16:08.367Z"
"6034abe7efa6d624415a8709","hello world","its ok to make thing simple","2021-02-23T07:16:55.446Z","2021-02-23T07:16:55.446Z"
"6034ac82548a6c25548642c1","hello world","its ok to make thing simple","2021-02-23T07:19:30.682Z","2021-02-23T07:19:30.682Z"
"6034acf7d3fe7726742e2c4c","hello world","its ok to make thing simple","2021-02-23T07:21:27.635Z","2021-02-23T07:21:27.635Z"
"6034ad2384f50926cc55853d","hello world","its ok to make thing simple","2021-02-23T07:22:11.941Z","2021-02-23T07:22:11.941Z"
"6034ae1278f8012799e9405d","hello world","its ok to make thing simple","2021-02-23T07:26:10.440Z","2021-02-23T07:26:10.440Z"
"6034ae2b559c7727eb0a6e86","hello world","its ok to make thing simple","2021-02-23T07:26:35.881Z","2021-02-23T07:26:35.881Z"
"6034aebf38674e2877466743","hello world","its ok to make thing simple","2021-02-23T07:29:03.635Z","2021-02-23T07:29:03.635Z"
"6034aeeff2b684290a2d0642","hello world","its ok to make thing simple","2021-02-23T07:29:51.558Z","2021-02-23T07:29:51.558Z"
"6034af0a54ee072961c9e717","hello world","its ok to make thing simple","2021-02-23T07:30:18.173Z","2021-02-23T07:30:18.173Z"
"6034af5ab858e329e0f5738d","hello world","its ok to make thing simple","2021-02-23T07:31:38.580Z","2021-02-23T07:31:38.580Z"
"6034afbdab12bb2aabb9aaa5","hello world","its ok to make thing simple","2021-02-23T07:33:17.559Z","2021-02-23T07:33:17.559Z"
"6034b01c64b38f2b170ff5ed","hello world","its ok to make thing simple","2021-02-23T07:34:52.734Z","2021-02-23T07:34:52.734Z"
"6034b1ce5061a42ce39ff0a0","ojhhkhkjk saw nimmjhjhkjaskj"," derscriptionderscriptionderscriptionderscription derscription derscription derscriptionv derscription","2021-02-23T07:42:06.844Z","2021-02-23T07:42:06.844Z"
"6034b7d3f27017354c2e001d","hello world","its ok to make thing simple","2021-02-23T08:07:47.829Z","2021-02-23T08:07:47.829Z"
"6034b8346a2fba35f2674a0c","hello world","its ok to make thing simple","2021-02-23T08:09:24.374Z","2021-02-23T08:09:24.374Z"
"6034b847628135361eb1c71e","hello world","its ok to make thing simple","2021-02-23T08:09:43.613Z","2021-02-23T08:09:43.613Z"
"6034b85b6413e4364cb315a4","hello world","its ok to make thing simple","2021-02-23T08:10:03.236Z","2021-02-23T08:10:03.236Z"
"6034b88d6b02f336c329c9c7","hello world","its ok to make thing simple","2021-02-23T08:10:53.185Z","2021-02-23T08:10:53.185Z"
"6034b93e147441375cce2083","hello world","its ok to make thing simple","2021-02-23T08:13:50.464Z","2021-02-23T08:13:50.464Z"
"6034b9e80ddc8e381b5581e9","hello world","its ok to make thing simple","2021-02-23T08:16:40.057Z","2021-02-23T08:16:40.057Z"
"6034d5a9305bc915a23526c8","hello world","its ok to make thing simple","2021-02-23T10:15:05.969Z","2021-02-23T10:15:05.969Z"
"6034d92e0f60761e830c46c8","hello world","its ok to make thing simple","2021-02-23T10:30:06.696Z","2021-02-23T10:30:06.696Z"
"6034dc44edaed9207301fa5e","hello world","its ok to make thing simple","2021-02-23T10:43:16.730Z","2021-02-23T10:43:16.730Z"
"6034dcc01d1298215019807e","hello world","its ok to make thing simple","2021-02-23T10:45:20.502Z","2021-02-23T10:45:20.502Z"
"6034dd7b943235225518bdd5","hello world","its ok to make thing simple","2021-02-23T10:48:27.378Z","2021-02-23T10:48:27.378Z"
"6034ddafc4a91f22a2c810be","hello world","its ok to make thing simple","2021-02-23T10:49:19.905Z","2021-02-23T10:49:19.905Z"
"6034ddd9ca6ebc230252a241","hello world","its ok to make thing simple","2021-02-23T10:50:01.637Z","2021-02-23T10:50:01.637Z"
"6034de0efa1f9823d9928721","hello world","its ok to make thing simple","2021-02-23T10:50:54.504Z","2021-02-23T10:50:54.504Z"
"6034de98649978244f03cb68","hello world","its ok to make thing simple","2021-02-23T10:53:12.497Z","2021-02-23T10:53:12.497Z"
"6034df1610d3d024d8e53f83","hello world","its ok to make thing simple","2021-02-23T10:55:18.906Z","2021-02-23T10:55:18.906Z"
"6034df51b9ebe12534f69784","hello world","its ok to make thing simple","2021-02-23T10:56:17.073Z","2021-02-23T10:56:17.073Z"
"6034df8077660a2598832762","hello world","its ok to make thing simple","2021-02-23T10:57:04.681Z","2021-02-23T10:57:04.681Z"
"6034dfab00b52225ea538c1b","hello world","its ok to make thing simple","2021-02-23T10:57:47.412Z","2021-02-23T10:57:47.412Z"
"6034dfd0a2c871263ef5dbd6","hello world","its ok to make thing simple","2021-02-23T10:58:24.288Z","2021-02-23T10:58:24.288Z"
"6034e00f50700926ada6326a","hello world","its ok to make thing simple","2021-02-23T10:59:27.207Z","2021-02-23T10:59:27.207Z"
"6034e02e0735e226ef50bebe","hello world","its ok to make thing simple","2021-02-23T10:59:58.405Z","2021-02-23T10:59:58.405Z"
"6034e0761d1149276234ce2b","hello world","its ok to make thing simple","2021-02-23T11:01:10.577Z","2021-02-23T11:01:10.577Z"
"6034e46fdeb8df2cca26bd6b","hello world","its ok to make thing simple","2021-02-23T11:18:07.597Z","2021-02-23T11:18:07.597Z"
"6034e509f64a882dc8519ef1","hello world","its ok to make thing simple","2021-02-23T11:20:41.442Z","2021-02-23T11:20:41.442Z"
"6034e51a8facd02e046f52c7","hello world","its ok to make thing simple","2021-02-23T11:20:58.543Z","2021-02-23T11:20:58.543Z"
"6034e5b45bd67c2eca5ca9ca","hello world","its ok to make thing simple","2021-02-23T11:23:32.910Z","2021-02-23T11:23:32.910Z"
"6034e63d8e57792f673be759","hello world","its ok to make thing simple","2021-02-23T11:25:49.596Z","2021-02-23T11:25:49.596Z"
"6034ec26e6e29834c2ba7ab7","hello world","its ok to make thing simple","2021-02-23T11:51:02.254Z","2021-02-23T11:51:02.254Z"
"6034efc031225237b4872c95","hello world","its ok to make thing simple","2021-02-23T12:06:24.952Z","2021-02-23T12:06:24.952Z"
"6034efee8247e7384520c70f","hello world","its ok to make thing simple","2021-02-23T12:07:10.906Z","2021-02-23T12:07:10.906Z"
"6034f18ab4d18e3c30b747b1","hello world","its ok to make thing simple","2021-02-23T12:14:02.700Z","2021-02-23T12:14:02.700Z"
"6034f1a0ce6a9e3c83803872","hello world","its ok to make thing simple","2021-02-23T12:14:24.238Z","2021-02-23T12:14:24.238Z"
"6034f1c9a70aa229e09e9915","hello world","its ok to make thing simple","2021-02-23T12:15:05.136Z","2021-02-23T12:15:05.136Z"
"6034f201f79d8b1c8c80de8f","hello world","its ok to make thing simple","2021-02-23T12:16:01.693Z","2021-02-23T12:16:01.693Z"
"6034f3bd658fef434000bc9e","hello world","its ok to make thing simple","2021-02-23T12:23:25.191Z","2021-02-23T12:23:25.191Z"
"6034f474b9404b459c3e230e","hello world","its ok to make thing simple","2021-02-23T12:26:28.235Z","2021-02-23T12:26:28.235Z"
"6034f508e05417246c44f2fa","hello world","its ok to make thing simple","2021-02-23T12:28:56.937Z","2021-02-23T12:28:56.937Z"
"6034f55797b6f247e61887eb","hello world","its ok to make thing simple","2021-02-23T12:30:15.588Z","2021-02-23T12:30:15.588Z"
"6034f5ce5b0c994878ea30f3","hello world","its ok to make thing simple","2021-02-23T12:32:14.805Z","2021-02-23T12:32:14.805Z"
"6034f5f4a9450f0c48d39cef","hello world","its ok to make thing simple","2021-02-23T12:32:52.970Z","2021-02-23T12:32:52.970Z"
"6034f638b3535348f84a9119","hello world","its ok to make thing simple","2021-02-23T12:34:00.988Z","2021-02-23T12:34:00.988Z"
"6034f65de88d6031e0c386ed","hello world","its ok to make thing simple","2021-02-23T12:34:37.696Z","2021-02-23T12:34:37.696Z"
"6034f7867f5b9b4b303f81af","hello world","its ok to make thing simple","2021-02-23T12:39:34.555Z","2021-02-23T12:39:34.555Z"
"6034f91910b9df4e38c6fa53","hello world","its ok to make thing simple","2021-02-23T12:46:17.384Z","2021-02-23T12:46:17.384Z"
"6035544a969367177caff8f7","hello world","its ok to make thing simple","2021-02-23T19:15:22.546Z","2021-02-23T19:15:22.546Z"
"6035546c9310fb183d7c6dd1","hello world","its ok to make thing simple","2021-02-23T19:15:56.137Z","2021-02-23T19:15:56.137Z"
"6035557d4df3dd19469366c7","hello world","its ok to make thing simple","2021-02-23T19:20:29.156Z","2021-02-23T19:20:29.156Z"
"603555e3ae90c61f2b0049cd","hello world","its ok to make thing simple","2021-02-23T19:22:11.493Z","2021-02-23T19:22:11.493Z"
"603556074f79d01fe1324641","hello world","its ok to make thing simple","2021-02-23T19:22:47.029Z","2021-02-23T19:22:47.029Z"
"60355662e90b3820424c962d","hello world","its ok to make thing simple","2021-02-23T19:24:18.355Z","2021-02-23T19:24:18.355Z"